{"cameraMode":{"drawMode":0,"name":"Shaded","section":"Shading Mode"},"sceneLighting":true,"audioPlay":false,"sceneViewState":{"m_AlwaysRefresh":false,"showFog":true,"showSkybox":true,"showFlares":true,"showImageEffects":true,"showParticleSystems":true,"showVisualEffectGraphs":true,"m_FxEnabled":false},"in2DMode":false,"pivot":{"x":760.4999389648438,"y":438.22216796875,"z":-854.5853271484375},"rotation":{"x":0.004190677311271429,"y":0.003597134491428733,"z":0.00001590092506376095,"w":-0.9999858140945435},"size":220.15347290039063,"orthographic":false}